Employee_ID,Name,Age,Gender,Department,City,Salary,Experience_Years,Employment_Type,Performance_Score,Projects_Completed,Joining_Year
EMP1001,Riya Khan,49,Male,Operations,Mumbai,28797.0,4,Full-time,10.0,15,2018
EMP1002,Rohan Saha,34,Female,Marketing,Chennai,62976.0,7,Intern,8.0,4,2024
EMP1003,Neha Patel,25,Female,Finance,Bengaluru,25291.0,10,Full-time,4.0,2,2018
EMP1004,Riya Banerjee,45,Male,Finance,Hyderabad,68038.0,7,Full-time,10.0,7,2024
EMP1005,Rahul Sharma,39,Female,Finance,Bengaluru,66414.0,7,Full-time,5.0,8,2020
EMP1006,Ishita Dutta,42,Female,Sales,,24502.0,15,Full-time,,10,2017
EMP1007,Pooja Khan,23,Male,HR,Pune,76327.0,2,Part-time,5.0,5,2019
EMP1008,Pooja Khan,30,Female,HR,Chennai,50017.0,9,Part-time,2.0,15,2021
EMP1009,Ishita Das,44,Female,Finance,Delhi,78591.0,8,Full-time,10.0,8,2024
EMP1010,Diya Saha,45,Female,IT,Pune,21204.0,7,Intern,1.0,4,2022
EMP1011,Ishita Roy,34,Female,IT,Delhi,31818.0,12,Full-time,2.0,15,2026
EMP1012,Sneha Dutta,45,Female,IT,Pune,56037.0,4,Full-time,3.0,14,2025
EMP1013,Sahil Banerjee,46,Male,Sales,Pune,,15,Full-time,3.0,7,2024
EMP1014,Neha Patel,32,Female,Sales,,43399.0,5,Intern,2.0,0,2022
EMP1015,Ishita Saha,47,Female,Sales,Pune,68866.0,8,Full-time,1.0,9,2018
EMP1016,Aditya Sen,29,Male,Finance,Delhi,29128.0,8,Full-time,7.0,8,2019
EMP1017,Riya Gupta,28,Female,Sales,Kolkata,70183.0,13,Full-time,10.0,2,2016
EMP1018,Varun Sharma,41,Male,IT,Kolkata,25962.0,7,Intern,2.0,10,2019
EMP1019,Varun Patel,40,Male,Operations,Bengaluru,31489.0,4,Part-time,3.0,13,2026
EMP1020,Priya Banerjee,25,Male,Marketing,Chennai,63249.0,0,Full-time,6.0,1,2020
EMP1021,Sneha Khan,45,Female,Operations,Kolkata,79099.0,5,Part-time,10.0,11,2016
EMP1022,Pooja Roy,26,Male,IT,Bengaluru,31135.0,13,Part-time,7.0,2,2022
EMP1023,Riya Dutta,45,Male,Finance,Hyderabad,41099.0,0,Full-time,8.0,11,2026
EMP1024,Neha Patel,21,Male,Sales,Delhi,89235.0,14,Full-time,6.0,6,2025
EMP1025,Rohan Khan,44,Female,Finance,Pune,94206.0,8,Part-time,5.0,0,2018
EMP1026,Sahil Das,44,Female,Finance,Mumbai,62742.0,2,Full-time,2.0,15,2020
EMP1027,Vikram Saha,44,Male,IT,Pune,52422.0,4,Full-time,9.0,2,2021
EMP1028,Aditya Sharma,40,Male,Finance,Hyderabad,44709.0,8,Full-time,9.0,9,2017
EMP1029,Ishita Das,35,Female,HR,Bengaluru,65159.0,5,Full-time,1.0,2,2018
EMP1030,Pooja Banerjee,42,Male,HR,Delhi,63501.0,1,Full-time,8.0,14,2017
EMP1031,Nisha Khan,29,Female,Sales,Bengaluru,40696.0,10,Intern,1.0,11,2026
EMP1032,Vikram Dutta,44,Male,Marketing,Pune,19755.0,10,Full-time,8.0,12,2023
EMP1033,Neha Roy,37,Female,Marketing,Kolkata,,1,Full-time,9.0,6,2025
EMP1034,Nisha Roy,34,Male,Finance,Pune,91810.0,4,Part-time,2.0,7,2024
EMP1035,Riya Saha,36,Male,Operations,Bengaluru,50198.0,3,Full-time,5.0,10,2026
EMP1036,Sahil Das,38,Female,IT,Pune,55137.0,10,Full-time,2.0,12,2016
EMP1037,Aditya Das,22,Male,Finance,Hyderabad,53967.0,11,Full-time,,13,2025
EMP1038,Rohan Saha,25,Female,IT,Bengaluru,78271.0,11,Part-time,10.0,0,2015
EMP1039,Ananya Sen,28,Female,Finance,Mumbai,23001.0,15,Full-time,1.0,10,2020
EMP1040,Karan Banerjee,24,Female,Operations,Hyderabad,24370.0,12,Full-time,4.0,1,2022
